{
    "name": "root",
    "gauges": {
        "AIRocket.Policy.Entropy.mean": {
            "value": 0.11192911863327026,
            "min": 0.11192911863327026,
            "max": 0.7479696869850159,
            "count": 86
        },
        "AIRocket.Policy.Entropy.sum": {
            "value": 3355.075439453125,
            "min": 3355.075439453125,
            "max": 22850.474609375,
            "count": 86
        },
        "AIRocket.Step.mean": {
            "value": 2579972.0,
            "min": 29939.0,
            "max": 2579972.0,
            "count": 86
        },
        "AIRocket.Step.sum": {
            "value": 2579972.0,
            "min": 29939.0,
            "max": 2579972.0,
            "count": 86
        },
        "AIRocket.Policy.ExtrinsicValueEstimate.mean": {
            "value": -224.42242431640625,
            "min": -306.9101257324219,
            "max": 195.99465942382812,
            "count": 86
        },
        "AIRocket.Policy.ExtrinsicValueEstimate.sum": {
            "value": -107273.921875,
            "min": -148851.40625,
            "max": 93685.4453125,
            "count": 86
        },
        "AIRocket.Losses.PolicyLoss.mean": {
            "value": 0.048987477492967925,
            "min": 0.04205740755808354,
            "max": 0.05489187718204549,
            "count": 86
        },
        "AIRocket.Losses.PolicyLoss.sum": {
            "value": 0.14696243247890378,
            "min": 0.08411481511616709,
            "max": 0.16467563154613646,
            "count": 86
        },
        "AIRocket.Losses.ValueLoss.mean": {
            "value": 2.833247780427337,
            "min": 2.178106702615817,
            "max": 10479.335629442003,
            "count": 86
        },
        "AIRocket.Losses.ValueLoss.sum": {
            "value": 8.499743341282011,
            "min": 6.534320107847452,
            "max": 31438.00688832601,
            "count": 86
        },
        "AIRocket.Policy.LearningRate.mean": {
            "value": 0.0002230857956380767,
            "min": 0.0002230857956380767,
            "max": 0.00029950956016347994,
            "count": 86
        },
        "AIRocket.Policy.LearningRate.sum": {
            "value": 0.0006692573869142301,
            "min": 0.0004551157682947598,
            "max": 0.0008962098912633699,
            "count": 86
        },
        "AIRocket.Policy.Epsilon.mean": {
            "value": 0.17436192333333336,
            "min": 0.17436192333333336,
            "max": 0.19983652000000002,
            "count": 86
        },
        "AIRocket.Policy.Epsilon.sum": {
            "value": 0.5230857700000001,
            "min": 0.35170524,
            "max": 0.59873663,
            "count": 86
        },
        "AIRocket.Policy.Beta.mean": {
            "value": 0.00037437342433333334,
            "min": 0.00037437342433333334,
            "max": 0.000499198948,
            "count": 86
        },
        "AIRocket.Policy.Beta.sum": {
            "value": 0.001123120273,
            "min": 0.000763355676,
            "max": 0.0014938094870000002,
            "count": 86
        },
        "AIRocket.Environment.EpisodeLength.mean": {
            "value": 873.3571428571429,
            "min": 868.68,
            "max": 889.36,
            "count": 86
        },
        "AIRocket.Environment.EpisodeLength.sum": {
            "value": 24454.0,
            "min": 21717.0,
            "max": 43757.0,
            "count": 86
        },
        "AIRocket.Environment.CumulativeReward.mean": {
            "value": -1673.7726091657366,
            "min": -1693.568603515625,
            "max": -1593.1085986328126,
            "count": 86
        },
        "AIRocket.Environment.CumulativeReward.sum": {
            "value": -46865.633056640625,
            "min": -83938.82604980469,
            "max": -39827.71496582031,
            "count": 86
        },
        "AIRocket.Policy.ExtrinsicReward.mean": {
            "value": -1673.7726091657366,
            "min": -1693.568603515625,
            "max": -1593.1085986328126,
            "count": 86
        },
        "AIRocket.Policy.ExtrinsicReward.sum": {
            "value": -46865.633056640625,
            "min": -83938.82604980469,
            "max": -39827.71496582031,
            "count": 86
        },
        "AIRocket.IsTraining.mean": {
            "value": 1.0,
            "min": 1.0,
            "max": 1.0,
            "count": 86
        },
        "AIRocket.IsTraining.sum": {
            "value": 1.0,
            "min": 1.0,
            "max": 1.0,
            "count": 86
        }
    },
    "metadata": {
        "timer_format_version": "0.1.0",
        "start_time_seconds": "1625691516",
        "python_version": "3.7.9 (tags/v3.7.9:13c94747c7, Aug 17 2020, 18:58:18) [MSC v.1900 64 bit (AMD64)]",
        "command_line_arguments": "C:\\Users\\axfor\\Documents\\Unity\\Projects\\AIRocketLanding\\AIRocketLanding\\venv\\Scripts\\mlagents-learn config/AIRocket.yaml --initialize-from=AIRocketNew5 --run-id=AIRocketNewNew6",
        "mlagents_version": "0.27.0",
        "mlagents_envs_version": "0.27.0",
        "communication_protocol_version": "1.5.0",
        "pytorch_version": "1.7.0+cu110",
        "numpy_version": "1.21.0",
        "end_time_seconds": "1625695415"
    },
    "total": 3899.525506,
    "count": 1,
    "self": 0.018630000000030122,
    "children": {
        "run_training.setup": {
            "total": 0.40957500000000024,
            "count": 1,
            "self": 0.40957500000000024
        },
        "TrainerController.start_learning": {
            "total": 3899.097301,
            "count": 1,
            "self": 4.562610299996777,
            "children": {
                "TrainerController._reset_env": {
                    "total": 42.1943076,
                    "count": 1,
                    "self": 42.1943076
                },
                "TrainerController.advance": {
                    "total": 3852.1100039000025,
                    "count": 103251,
                    "self": 4.8804919999402046,
                    "children": {
                        "env_step": {
                            "total": 1713.013660199998,
                            "count": 103251,
                            "self": 1167.0896883998562,
                            "children": {
                                "SubprocessEnvManager._take_step": {
                                    "total": 543.3243213001233,
                                    "count": 103251,
                                    "self": 17.67896720006729,
                                    "children": {
                                        "TorchPolicy.evaluate": {
                                            "total": 525.645354100056,
                                            "count": 103251,
                                            "self": 188.2085303000294,
                                            "children": {
                                                "TorchPolicy.sample_actions": {
                                                    "total": 337.4368238000266,
                                                    "count": 103251,
                                                    "self": 337.4368238000266
                                                }
                                            }
                                        }
                                    }
                                },
                                "workers": {
                                    "total": 2.5996505000184413,
                                    "count": 103250,
                                    "self": 0.0,
                                    "children": {
                                        "worker_root": {
                                            "total": 3867.465576900002,
                                            "count": 103250,