{"count":1,"self":230.1785856,"total":7883.8620732,"children":{"InitializeActuators":{"count":100,"self":0.0050019,"total":0.0050019,"children":null},"InitializeSensors":{"count":100,"self":0.0070021,"total":0.0070021,"children":null},"AgentSendState":{"count":54867,"self":36.154899199999996,"total":241.34264979999998,"children":{"CollectObservations":{"count":5486700,"self":17.9681776,"total":17.9681772,"children":null},"WriteActionMask":{"count":5486700,"self":8.344525599999999,"total":8.3445255,"children":null},"RequestDecision":{"count":5486700,"self":24.6110896,"total":178.87504719999998,"children":{"AgentInfo.ToProto":{"count":5486700,"self":29.7799616,"total":154.2639572,"children":{"GenerateSensorData":{"count":5486700,"self":124.48399359999999,"total":124.48399429999999,"children":null}}}}}}},"DecideAction":{"count":54867,"self":7404.3129856,"total":7404.3133576,"children":null},"AgentAct":{"count":54867,"self":7.6513279999999995,"total":7.6513279,"children":null},"AgentInfo.ToProto":{"count":6117,"self":0.0860555,"total":0.36315949999999997,"children":{"GenerateSensorData":{"count":6117,"self":0.27710399999999996,"total":0.27710399999999996,"children":null}}}},"gauges":{"AIRocket.CumulativeReward":{"count":6117,"max":-1488.6554,"min":-19028.3066,"runningAverage":-1674.47522,"value":-1610.93457,"weightedAverage":-1666.28662}},"metadata":{"timer_format_version":"0.1.0","start_time_seconds":"1625512771","unity_version":"2020.3.8f1","command_line_arguments":"C:\\Program Files\\Unity\\Hub\\Editor\\2020.3.8f1\\Editor\\Unity.exe -projectpath C:\/Users\/axfor\/Documents\/Unity\/Projects\/AIRocketLanding\/AIRocketLanding -useHub -hubIPC -cloudEnvironment production -hubSessionId d60dda30-dda0-11eb-a479-8507ed363c0c -accessToken vXBYFoyUlKks9coE2Z_628s-4aH8V9YCQbEpwMWK9jQ005f","communication_protocol_version":"1.5.0","com.unity.ml-agents_version":"2.1.0-exp.1","scene_name":"SampleScene","end_time_seconds":"1625520654"}}