{"count":1,"self":1538.8770304,"total":35617.9313949,"children":{"InitializeActuators":{"count":24,"self":0.0020004,"total":0.0020004,"children":null},"InitializeSensors":{"count":24,"self":0.0020001999999999997,"total":0.0020001999999999997,"children":null},"AgentSendState":{"count":2854067,"self":159.3359616,"total":955.5071385,"children":{"CollectObservations":{"count":68497608,"self":73.6238272,"total":73.6238242,"children":null},"WriteActionMask":{"count":68497608,"self":32.6731392,"total":32.6731398,"children":null},"RequestDecision":{"count":68497608,"self":102.5092992,"total":689.87421569999992,"children":{"AgentInfo.ToProto":{"count":68497608,"self":117.39765759999999,"total":587.3649137,"children":{"GenerateSensorData":{"count":68497608,"self":469.9672576,"total":469.9672528,"children":null}}}}}}},"DecideAction":{"count":2854067,"self":32997.490688,"total":32997.4910866,"children":null},"AgentAct":{"count":2854067,"self":124.2404352,"total":124.24044149999999,"children":null},"AgentInfo.ToProto":{"count":76154,"self":0.4205601,"total":1.8106928,"children":{"GenerateSensorData":{"count":76154,"self":1.3901326999999999,"total":1.3901326999999999,"children":null}}}},"gauges":{"AIRocket.CumulativeReward":{"count":76154,"max":-484.9049,"min":-28093.27,"runningAverage":-5478.22559,"value":-9263.697,"weightedAverage":-6172.88965}},"metadata":{"timer_format_version":"0.1.0","start_time_seconds":"1665695804","unity_version":"2020.3.16f1","command_line_arguments":"C:\\Program Files\\Unity\\Hub\\Editor\\2020.3.16f1\\Editor\\Unity.exe -projectpath C:\\Users\\Student\\OneDrive - Loughborough University\\Documents\\GitHub\\AIRocketLanding\\AIRocketLanding -useHub -hubIPC -cloudEnvironment production -licensingIpc LicenseClient-Student -hubSessionId 751fb9c0-4b25-11ed-a5d2-6302096c57c9","communication_protocol_version":"1.5.0","com.unity.ml-agents_version":"2.1.0-exp.1","scene_name":"SampleScene","end_time_seconds":"1665731422"}}