{
    "name": "root",
    "gauges": {
        "AIRocket.Policy.Entropy.mean": {
            "value": 3.85664701461792,
            "min": 3.736077308654785,
            "max": 3.9240825176239014,
            "count": 286
        },
        "AIRocket.Policy.Entropy.sum": {
            "value": 386031.09375,
            "min": 169468.390625,
            "max": 393033.15625,
            "count": 286
        },
        "AIRocket.Step.mean": {
            "value": 154899967.0,
            "min": 126399987.0,
            "max": 154899967.0,
            "count": 286
        },
        "AIRocket.Step.sum": {
            "value": 154899967.0,
            "min": 126399987.0,
            "max": 154899967.0,
            "count": 286
        },
        "AIRocket.Policy.ExtrinsicValueEstimate.mean": {
            "value": -169.77682495117188,
            "min": -179.04273986816406,
            "max": -164.52291870117188,
            "count": 286
        },
        "AIRocket.Policy.ExtrinsicValueEstimate.sum": {
            "value": -269945.15625,
            "min": -286289.34375,
            "max": -117682.1796875,
            "count": 286
        },
        "AIRocket.Losses.PolicyLoss.mean": {
            "value": 0.04922273640822486,
            "min": 0.046785292618903136,
            "max": 0.05333565198732146,
            "count": 286
        },
        "AIRocket.Losses.PolicyLoss.sum": {
            "value": 0.44300462767402377,
            "min": 0.199059049642736,
            "max": 0.531223739624996,
            "count": 286
        },
        "AIRocket.Losses.ValueLoss.mean": {
            "value": 4.421037127905422,
            "min": 3.865399406403303,
            "max": 8.829306760181982,
            "count": 286
        },
        "AIRocket.Losses.ValueLoss.sum": {
            "value": 39.7893341511488,
            "min": 20.16070417999252,
            "max": 88.29306760181983,
            "count": 286
        },
        "AIRocket.Policy.LearningRate.mean": {
            "value": 0.0002535454449515235,
            "min": 0.0002535454449515235,
            "max": 0.00026208522101326385,
            "count": 286
        },
        "AIRocket.Policy.LearningRate.sum": {
            "value": 0.0022819090045637113,
            "min": 0.0010483408840530554,
            "max": 0.0026203579172474033,
            "count": 286
        },
        "AIRocket.Policy.Epsilon.mean": {
            "value": 0.18451514315555556,
            "min": 0.18451514315555556,
            "max": 0.18736173612500004,
            "count": 286
        },
        "AIRocket.Policy.Epsilon.sum": {
            "value": 1.6606362884,
            "min": 0.7494469445000002,
            "max": 1.8734525969,
            "count": 286
        },
        "AIRocket.Policy.Beta.mean": {
            "value": 0.00042412420146222224,
            "min": 0.00042412420146222224,
            "max": 0.00043807250701250003,
            "count": 286
        },
        "AIRocket.Policy.Beta.sum": {
            "value": 0.0038171178131600004,
            "min": 0.0017522900280500001,
            "max": 0.00437991772481,
            "count": 286
        },
        "AIRocket.Environment.EpisodeLength.mean": {
            "value": 942.311320754717,
            "min": 937.4018691588785,
            "max": 942.8018867924528,
            "count": 286
        },
        "AIRocket.Environment.EpisodeLength.sum": {
            "value": 99885.0,
            "min": 42313.0,
            "max": 104119.0,
            "count": 286
        },
        "AIRocket.Environment.CumulativeReward.mean": {
            "value": -1421.3185447836822,
            "min": -1429.031095377604,
            "max": -1400.2039564600532,
            "count": 286
        },
        "AIRocket.Environment.CumulativeReward.sum": {
            "value": -150659.7657470703,
            "min": -156769.67907714844,
            "max": -64038.57946777344,
            "count": 286
        },
        "AIRocket.Policy.ExtrinsicReward.mean": {
            "value": -1421.3185447836822,
            "min": -1429.031095377604,
            "max": -1400.2039564600532,
            "count": 286
        },
        "AIRocket.Policy.ExtrinsicReward.sum": {
            "value": -150659.7657470703,
            "min": -156769.67907714844,
            "max": -64038.57946777344,
            "count": 286
        },
        "AIRocket.IsTraining.mean": {
            "value": 1.0,
            "min": 1.0,
            "max": 1.0,
            "count": 286
        },
        "AIRocket.IsTraining.sum": {
            "value": 1.0,
            "min": 1.0,
            "max": 1.0,
            "count": 286
        }
    },
    "metadata": {
        "timer_format_version": "0.1.0",
        "start_time_seconds": "1662205052",
        "python_version": "3.7.9 (tags/v3.7.9:13c94747c7, Aug 17 2020, 18:58:18) [MSC v.1900 64 bit (AMD64)]",
        "command_line_arguments": "C:\\Users\\Student\\OneDrive - Loughborough University\\Documents\\GitHub\\AIRocketLanding\\AIRocketLanding\\venv\\Scripts\\mlagents-learn config/AIRocket.yaml --run-id=2AIRocket2 --resume",
        "mlagents_version": "0.27.0",
        "mlagents_envs_version": "0.27.0",
        "communication_protocol_version": "1.5.0",
        "pytorch_version": "1.7.0+cu110",
        "numpy_version": "1.21.2",
        "end_time_seconds": "1662226295"
    },
    "total": 21243.597444299998,
    "count": 1,
    "self": 0.005007099996873876,
    "children": {
        "run_training.setup": {
            "total": 0.13712109999999988,
            "count": 1,
            "self": 0.13712109999999988
        },
        "TrainerController.start_learning": {
            "total": 21243.4553161,
            "count": 1,
            "self": 34.83362919989304,
            "children": {
                "TrainerController._reset_env": {
                    "total": 3.6089362000000005,
                    "count": 1,
                    "self": 3.6089362000000005
                },
                "TrainerController.advance": {
                    "total": 21204.95817320011,
                    "count": 1906367,
                    "self": 33.46604410062719,
                    "children": {
                        "env_step": {
                            "total": 12824.308650399966,
                            "count": 1906367,
                            "self": 7049.6389503984565,
                            "children": {
                                "SubprocessEnvManager._take_step": {
                                    "total": 5754.601700400506,
                                    "count": 1906367,
                                    "self": 96.3848582012779,
                                    "children": {
                                        "TorchPolicy.evaluate": {
                                            "total": 5658.216842199228,
                                            "count": 1906367,
                                            "self": 2160.3749999984875,
                                            "children": {
                                                "TorchPolicy.sample_actions": {
                                                    "total": 3497.8418422007408,
                                                    "count": 1906367,
                                                    "self": 3497.8418422007408
                                                }
                                            }
                                        }
                                    }
                                },
                                "workers": {
                                    "total": 20.067999601002906,
                                    "count": 1906366,
                                    "self": 0.0,
                                    "children": {
                                        "worker_root": {
                                            "total": 21202.119305200205,